-- phpMyAdmin SQL Dump
-- version 3.5.1
-- http://www.phpmyadmin.net
--
-- Host: localhost
-- Generation Time: Feb 08, 2015 at 12:09 PM
-- Server version: 5.5.24-log
-- PHP Version: 5.3.13

SET SQL_MODE="NO_AUTO_VALUE_ON_ZERO";
SET time_zone = "+00:00";


/*!40101 SET @OLD_CHARACTER_SET_CLIENT=@@CHARACTER_SET_CLIENT */;
/*!40101 SET @OLD_CHARACTER_SET_RESULTS=@@CHARACTER_SET_RESULTS */;
/*!40101 SET @OLD_COLLATION_CONNECTION=@@COLLATION_CONNECTION */;
/*!40101 SET NAMES utf8 */;

--
-- Database: `damasco`
--
CREATE DATABASE `damasco` DEFAULT CHARACTER SET latin1 COLLATE latin1_swedish_ci;
USE `damasco`;

-- --------------------------------------------------------

--
-- Table structure for table `location`
--

CREATE TABLE IF NOT EXISTS `location` (
  `id` int(3) NOT NULL AUTO_INCREMENT,
  `location` varchar(18) DEFAULT NULL,
  `product_id` int(3) DEFAULT NULL,
  PRIMARY KEY (`id`),
  UNIQUE KEY `location` (`location`)
) ENGINE=InnoDB  DEFAULT CHARSET=utf8 AUTO_INCREMENT=554 ;

--
-- Dumping data for table `location`
--

INSERT INTO `location` (`id`, `location`, `product_id`) VALUES
(4, '3B01', 1),
(5, '3B03', 3),
(6, '3B04', 4),
(7, '3B05', 26),
(8, '3B06', 6),
(9, '4A01', 7),
(10, '4A02', 11),
(13, '5A01', 12),
(14, '5A3/4', 13),
(15, '4B07', 14),
(16, '4B02', 15),
(17, '4B03', 16),
(18, '3D06', 17),
(19, '4C03', 18),
(20, '4B04', 21),
(21, '4D01', 22),
(22, '3B18', 23),
(23, '4D04', 25),
(24, '3B13', 26),
(25, '4B16', 28),
(26, '5B2', 29),
(27, '5D3', 30),
(28, '3C02', 31),
(29, '3A21', 32),
(30, '3B02', 33),
(31, '3A02', 34),
(32, '5A02', 35),
(33, '4A10', 36),
(34, '5-B8', 37),
(36, '4A21', 39),
(37, '3A12', NULL),
(38, '3A17', 41),
(39, '3B15', 43),
(42, '3C17', 44),
(43, '3B17', 45),
(44, '3B16', 46),
(45, '3B14', 47),
(46, '3A15', 48),
(47, '3A13', 49),
(48, '3C10', NULL),
(50, '3B12', 51),
(51, '3C14', 52),
(52, '3B08', 53),
(53, '3B09', 54),
(54, '3A16', 55),
(55, '3C19', 57),
(58, '3D10', 58),
(59, '4C11', 59),
(60, '3C16', 60),
(61, '3C15', 61),
(62, '3D02', 62),
(63, '3C12', 63),
(64, '3C11', 64),
(65, '4B17', 65),
(66, '3A19', 66),
(67, '4D06', 67),
(68, '4C06', 68),
(69, '3A10', 69),
(70, '4A17', 70),
(71, '4D03', 71),
(72, '4D05', 72),
(73, '4D02', 73),
(74, '3B19', 74),
(75, '3C13', 75),
(76, '4C13', 76),
(77, '3C09', 77),
(78, '3C08', 78),
(79, '4D13', 79),
(80, '4D09', 80),
(81, '4C05', 81),
(82, '3A14/15', 82),
(83, '4B10/11', 83),
(84, '3D04', 84),
(85, '3A14', 85),
(86, '4C01', 86),
(87, '3B10', 87),
(88, '4C12', 89),
(89, '3D07', 90),
(90, '3C06', 91),
(91, '4C07', 93),
(92, '3C04', 95),
(93, '3A05', 96),
(94, '4C20', 97),
(95, '3C03', 99),
(96, '4D08', 100),
(97, '3A03', 101),
(98, '3C01', 102),
(99, '4C16', 103),
(100, '3B11', NULL),
(101, '3C05', 107),
(102, '3A11', 110),
(103, '3A04', 111),
(104, '3C07', 112),
(105, '3D12', 114),
(106, '3A01', 358),
(107, '3B07', 116),
(108, '3A07', 117),
(109, '3A06', 118),
(110, '3D03', 119),
(111, '3D14', 121),
(112, '3D15', 122),
(113, '4C17', 123),
(114, '4B18', 124),
(115, '4D14', 125),
(116, '4A16', 126),
(117, '4D10', 127),
(118, '4B13', 128),
(119, '4C21', 129),
(120, '4B19', 130),
(121, '3C18', 131),
(122, '4C19', 132),
(123, '4C18', 133),
(124, '4D18', 134),
(125, '4D16', 135),
(126, '3D16', 136),
(127, '4B14', 139),
(128, '4D12', 140),
(129, '4A06', 141),
(130, '4B01', 142),
(131, '3B21', 144),
(132, '2B01', 145),
(133, '2C01', 146),
(135, '2B02', 149),
(136, '2C02', 150),
(138, '2B03', 23),
(139, '2C03', 153),
(141, '2B04', 155),
(142, '2C04', 156),
(144, '2B05', 577),
(145, '2C05', 577),
(146, '4D21', 160),
(147, '4D20', 161),
(148, '4B15', 162),
(149, '3D17', 163),
(151, '2B06', 165),
(152, '2C06', 166),
(154, '2B07', 168),
(156, '2C07', 169),
(157, '2B08', 170),
(158, '2B09', 171),
(159, '2C08', 173),
(160, '2C09', 174),
(161, '2A10', 175),
(162, '2B10', 176),
(163, '2C10', 177),
(164, '2A11', 178),
(165, '2B11', 179),
(166, '2C11', 180),
(167, '2A12', 181),
(168, '2B12', 182),
(169, '2C12', 183),
(170, '7A10', 184),
(171, '4C04', 187),
(172, '4C02', 188),
(173, '6B13', 189),
(174, '6B12', 190),
(175, '6C10', 191),
(176, '6D12', 192),
(177, '6D13', 194),
(178, '6D10', 195),
(179, '6D11', 196),
(180, '7B7', 197),
(181, '6D5', 198),
(182, '6C6', 199),
(183, '6B5', 200),
(184, '5D2', 202),
(185, '5B1', 203),
(186, '5D1', 204),
(187, '6A5', 205),
(188, '5C1', 206),
(189, '5C2', 207),
(190, '4B10', 208),
(191, '5C6', 209),
(192, '5C5', 210),
(193, '5C8', 212),
(194, '5B7', 213),
(195, '4B05', 214),
(196, '5A04', 215),
(197, '4B12', 216),
(198, '4A05', 217),
(199, '4D07', 218),
(200, '6A4', 219),
(201, '5A6', 220),
(202, '5A05', 222),
(203, '5B5', 223),
(204, '5B6', 224),
(205, '5A7', 225),
(206, '6A3', 226),
(207, '6A01', 227),
(208, '6B3', 228),
(209, '6D4', 229),
(210, '5B10', 230),
(211, '5B11', 231),
(212, '5B12', 232),
(213, '5B13', 233),
(214, '5B14', 235),
(215, '5B15', 236),
(216, '5A16', 237),
(217, '5A17', 239),
(218, '5B17', 240),
(219, '5B18', 241),
(220, '5A18', 242),
(221, '5A15', 244),
(222, '5A14', 245),
(223, '5A13', 246),
(224, '5A12', 247),
(225, '5A11', 248),
(226, '5C11', 249),
(227, '5D11', 252),
(228, '5C14', 254),
(229, '5C13', 255),
(230, '6B14', 256),
(231, '6B15', 257),
(232, '6A13', 258),
(233, '6A14', 260),
(234, '6A6', 261),
(235, '6B7', 262),
(236, '6B8', 263),
(237, '6D9', 264),
(238, '4D19', 266),
(239, '4A13', 267),
(240, '4D15', 268),
(241, '6D7', 272),
(242, '6C1', 275),
(243, '7B5', 276),
(245, '3A20', 278),
(270, '3B20', 280),
(274, '3C20', 282),
(277, '3C21', 283),
(278, '3D05', 284),
(279, '3D01', 285),
(280, '3D08', 286),
(281, '3D09', 287),
(282, '3D11', 288),
(283, '3D13', 289),
(284, '4A03', 290),
(285, '4A07', 291),
(286, '4A12', 292),
(287, '4A14', 293),
(288, '4A15', 294),
(289, '4A18', 295),
(290, '4A19', 296),
(291, '4A20', 297),
(292, '4B06', 300),
(293, '4B21', 301),
(294, '4C08', 303),
(295, '4C09', 304),
(296, '4C10', 305),
(297, '4C14', 306),
(298, '4C15', 307),
(299, '4D17', 308),
(300, '4D11', 310),
(301, '4D03/4', 311),
(302, '4A04', 313),
(303, '5A2/3', 315),
(304, '5A03', 316),
(305, '5A10', 317),
(306, '5A19', 318),
(307, '5A20', 319),
(308, '5A21', 320),
(309, '5B3', 321),
(310, '5B4', 322),
(311, '5B9', 323),
(312, '5B8/9', 324),
(313, '5B14/15', 325),
(314, '5B16', 326),
(315, '5B19', 327),
(316, '5B20', 328),
(317, '5B21', 329),
(318, '5C3', 330),
(319, '5C4', 331),
(320, '5C7', 332),
(321, '5C9', 334),
(322, '5C10', 335),
(323, '5C16', 336),
(324, '7A11', 338),
(325, '7C8', 339),
(326, '5C15', 340),
(327, '5D9', 341),
(328, '5D19', 342),
(329, '5D17', 343),
(330, '5D14', 344),
(331, '5C17', 346),
(332, '5C19', 347),
(333, '5D18', 348),
(334, '5D16', 349),
(335, '5C18', 350),
(336, '6C17', 351),
(337, '6C18', 352),
(338, '6B20', 354),
(339, '6C20', 355),
(340, '6C21', 356),
(341, '7B12', 358),
(342, '7B13', 359),
(343, '7C13', 360),
(344, '7C14', 361),
(345, '7C12', 362),
(346, '7C11', 363),
(347, '7C16', 365),
(348, '8C14', 366),
(349, '7A16', 367),
(350, '7A17', 369),
(351, '7A18', 370),
(352, '7B18', 371),
(353, '7B17', 372),
(354, '7B16', 373),
(355, '8A18', 374),
(356, '8A17', 375),
(357, '8B17', 376),
(358, '8A16', 377),
(359, '8B18', 378),
(360, '8C18', 379),
(361, '8C16', 380),
(362, '8B16', 381),
(363, '7B2', 382),
(364, '7C4', 383),
(365, '7C5', 384),
(366, '7C7', 385),
(367, '8C15', 387),
(368, '5D10', 388),
(369, '7B15', 389),
(370, '7C9', 390),
(371, '7C10', 391),
(372, '6C9', 392),
(373, '6C12', 393),
(374, '6A15', 394),
(375, '6C16', 395),
(376, '6C8', 396),
(377, '7C2', 397),
(378, '8B12', 401),
(379, '8A10', 402),
(380, '3A18', 403),
(381, '6A11', 406),
(382, '6B9', 407),
(383, '7A12', 408),
(384, '8A3', 409),
(385, '8B8', 410),
(386, '7A2', 411),
(387, '8B11', 412),
(388, '8B10', 413),
(390, '8B6', 416),
(391, '8C5', 417),
(392, '8A6', 418),
(393, '8A7', 419),
(394, '6C7', 420),
(395, '7A6', 422),
(396, '4B11', 426),
(397, '8B3', 428),
(398, '8A4', 429),
(399, '8A12', 430),
(400, '8C10', 432),
(401, '8B13', 435),
(402, '8B7', 436),
(403, '6D20', 437),
(404, '6D19', 438),
(405, '7B10', 441),
(406, '6C5', 442),
(407, '6B10', 443),
(408, '6A12', 444),
(409, '4A18/19', 445),
(410, '2C13', 446),
(411, '5D8', 448),
(412, '6D15', 449),
(413, '5D13', 451),
(414, '5D12', 452),
(415, '8B1', 456),
(416, '4A11', 457),
(417, '4D2/3', 458),
(418, '5D7', 459),
(419, '6D16', 460),
(420, '5C12', 461),
(421, '6D17', 462),
(422, '6B14/15', 463),
(423, '6C3', 464),
(424, '6A02', 466),
(425, '2B13', 467),
(426, '7B1', 468),
(427, '8B14', 469),
(428, '8B5', 471),
(429, '4B09', 472),
(430, '4B8/9', 473),
(431, '4B08', 474),
(432, '6B19', 475),
(433, '6C19', 476),
(434, '6A7', 479),
(435, '3B20/21', 481),
(436, '7B8', 482),
(437, '6C14', 483),
(438, '4A15/1', 484),
(439, '4A15/2', 485),
(440, '6-B6', 486),
(441, '7A7', 487),
(442, '6C11', 488),
(443, '8A2', 489),
(444, '6B11', 490),
(445, '6B4', 491),
(446, '6A18', 492),
(447, '6C2', 493),
(448, '8B15', 495),
(449, '6A19', 496),
(450, '6A21', 497),
(451, '7C3', 498),
(452, '8A5', 500),
(453, '8A11', 502),
(454, '7A13', 503),
(455, '8B4', 504),
(456, '8B2', 505),
(457, '8B9', 506),
(458, '8A15', 507),
(459, '8A13', 508),
(460, '7A5', 509),
(461, '7C6', 513),
(462, '8C12', 515),
(463, '8C11', 517),
(464, '7A14', 518),
(465, '7B3', 519),
(466, '7B14', 520),
(467, '6A10', 521),
(468, '6A16', 522),
(469, '6A17', 523),
(470, '6B16', 524),
(471, '6B1', 525),
(472, '7A15', 528),
(473, '8C6', 529),
(474, '5A4/5', 530),
(475, '8C8', 531),
(476, '7C1', 532),
(477, '6C4', 533),
(478, '6D21', 534),
(479, '5D20', 535),
(480, '5D21', 536),
(481, '8C1', 537),
(482, '8C2', 538),
(483, '8C3', 539),
(484, '8C4', 540),
(485, '8C7', 541),
(486, '8C9', 542),
(487, '8C13', 543),
(488, '8C17', 544),
(489, '7A3', 545),
(490, '7A4', 546),
(491, '7B11', 547),
(492, '7B9', 548),
(493, '7B8/9', 549),
(494, '7B6', 550),
(495, '7B4/5', 551),
(496, '7B4', 552),
(497, '7C15', 553),
(498, '7C17', 554),
(499, '7C18', 555),
(500, 'POSTPACK PACKING 1', 556),
(501, 'POSTPACK PACKING 2', 557),
(502, '6B18', 558),
(503, '6B17', 559),
(504, '6A20', 560),
(505, '6B21', 561),
(506, '6B2', 562),
(507, '6C13', 563),
(508, '6C15', 564),
(509, '6D1', 565),
(510, '6D2', 566),
(511, '6D3', 567),
(512, '6D6', 568),
(513, '6D8', 569),
(514, '6D14', 570),
(515, '6D18', 571),
(516, '8A1', 0),
(524, '10A10', 41),
(525, '2A01', 26),
(526, '2A02', 578),
(527, '2A03', 578),
(528, '2A04', 154),
(529, '2A05', 170),
(530, '2A06', 18),
(531, '2A07', 157),
(532, '7A01', 277),
(534, '10A11', 105),
(535, '10A12', NULL),
(538, '10A13', NULL),
(540, '10A14', NULL),
(548, '10A15', NULL),
(550, '10A16', NULL),
(552, '10A17', NULL),
(553, '', NULL);

-- --------------------------------------------------------

--
-- Table structure for table `order_history`
--

CREATE TABLE IF NOT EXISTS `order_history` (
  `id` int(20) NOT NULL AUTO_INCREMENT,
  `product_id` int(30) NOT NULL,
  `date` varchar(15) NOT NULL,
  PRIMARY KEY (`id`),
  UNIQUE KEY `id` (`id`)
) ENGINE=InnoDB  DEFAULT CHARSET=latin1 AUTO_INCREMENT=10 ;

--
-- Dumping data for table `order_history`
--

INSERT INTO `order_history` (`id`, `product_id`, `date`) VALUES
(1, 41, '06-02-2015'),
(2, 23, '06-02-2015'),
(3, 41, '06-02-2015'),
(4, 105, '07-02-2015'),
(5, 41, '07-02-2015'),
(6, 41, '07-02-2015'),
(7, 41, '07-02-2015'),
(8, 41, '07-02-2015'),
(9, 49, '07-02-2015');

-- --------------------------------------------------------

--
-- Table structure for table `products`
--

CREATE TABLE IF NOT EXISTS `products` (
  `product_id` int(3) NOT NULL AUTO_INCREMENT,
  `product` varchar(34) DEFAULT NULL,
  `description` varchar(200) DEFAULT NULL,
  `quantity` int(5) DEFAULT NULL,
  `notes` varchar(30) DEFAULT NULL,
  `last_ordered` varchar(10) DEFAULT NULL,
  PRIMARY KEY (`product_id`),
  UNIQUE KEY `product_id` (`product_id`)
) ENGINE=InnoDB  DEFAULT CHARSET=utf8 AUTO_INCREMENT=583 ;

--
-- Dumping data for table `products`
--

INSERT INTO `products` (`product_id`, `product`, `description`, `quantity`, `notes`, `last_ordered`) VALUES
(1, '59788', '', 0, '', '12/07/2014'),
(3, '59791', '', 0, '', '0000-00-00'),
(4, '59187', '', 0, '', '0000-00-00'),
(6, '59795', '', 0, '', '0000-00-00'),
(7, '30385', '', 0, '', '0000-00-00'),
(11, '35279', '', 0, '', '0000-00-00'),
(12, '900 Immit Kraft', '', 0, '', '0000-00-00'),
(13, '1200x200 immit Kraft', '', 0, '', '0000-00-00'),
(14, '59170', '', 0, '', '0000-00-00'),
(15, 'MAILTUBE SMALL WHITE', '', 0, 'COOP', '0000-00-00'),
(16, '1200x50mm mail tube', '', 0, '', '0000-00-00'),
(17, '57184', '', 0, '', '0000-00-00'),
(18, 'SSTUBE1', '', 0, '', '0000-00-00'),
(21, 'STK03', '', 0, '', '0000-00-00'),
(22, 'EM2', '', 0, '', '0000-00-00'),
(23, '12703', '', 0, '', '06-02-2015'),
(25, 'CPI26', '', 0, '', '0000-00-00'),
(26, '12695', '', 0, '', '0000-00-00'),
(28, '12705', '', 0, '', '0000-00-00'),
(29, 'TRA05', '', 0, '', '0000-00-00'),
(30, '123 Disc Large Old', '', 0, 'Postpack only', '0000-00-00'),
(31, 'BHB Cust 1', '', 0, '', '0000-00-00'),
(32, '20145', '', 0, '', '0000-00-00'),
(33, '59798', '', 0, '', '0000-00-00'),
(34, '59786', '', 0, '', '0000-00-00'),
(35, '900 Pure Kraft', '', 0, '', '0000-00-00'),
(36, 'Window VDB', '', 0, '', '0000-00-00'),
(37, 'ML PAD BAG J6', '', 0, '', '0000-00-00'),
(38, 'White Tissue new', 'do not o', 200, 'more in leetex', '0000-00-00'),
(39, 'WCB', '201', 450, 'MORE IN MAIN AISLE', '13/07/2014'),
(41, '12698', 'antalis', 1200, 'Antalis', '07-02-2015'),
(42, '12702', '', 0, '', '0000-00-00'),
(43, '12691', '', 0, '', '0000-00-00'),
(44, '12706', '', 0, '', '0000-00-00'),
(45, '12688', '', 0, '', '0000-00-00'),
(46, '12690', '', 0, '', '0000-00-00'),
(47, '12692', '', 0, '', '0000-00-00'),
(48, '12693', '', 0, '', '0000-00-00'),
(49, '12696', '', 0, '', '07-02-2015'),
(50, '50mm postpack printed tape', '', 0, 'postpack', '0000-00-00'),
(51, '12697', '', 0, '', '0000-00-00'),
(53, '12700 (44033)', '', 0, '', '0000-00-00'),
(54, '12700  (44033)', '', 0, '', '0000-00-00'),
(55, '12701', '', 0, '', '0000-00-00'),
(58, '12704', '', 0, '', '0000-00-00'),
(59, 'MPDB', '', 0, '', '0000-00-00'),
(60, '12707', '', 0, '', '0000-00-00'),
(61, '12708', '', 0, '', '0000-00-00'),
(62, 'STK04', '', 0, 'MORE IN MAIN AISLE', '0000-00-00'),
(63, '12709', '', 0, '', '0000-00-00'),
(64, '13837', '', 0, '', '0000-00-00'),
(67, '59193', '', 0, '', '0000-00-00'),
(68, '35279 (13836)', '', 0, '', '0000-00-00'),
(69, '35280', '', 0, '', '0000-00-00'),
(72, '48229', '', 0, '', '0000-00-00'),
(73, '48239', '', 0, '', '0000-00-00'),
(74, '53296 (86098)', '', 0, '', '0000-00-00'),
(75, '53297', '', 0, '', '0000-00-00'),
(76, '59142 (SC15)', '', 0, '', '0000-00-00'),
(77, '53424 (86092)', '', 0, '', '0000-00-00'),
(78, '53425', '', 0, '', '0000-00-00'),
(79, 'STK 05', '', 0, '', '0000-00-00'),
(81, 'ZZ13', '', 0, '', '0000-00-00'),
(83, '58005', '', 0, '', '0000-00-00'),
(84, '58723', '', 0, '', '0000-00-00'),
(85, '59014', '', 0, '', '0000-00-00'),
(86, '59061', '', 0, '', '0000-00-00'),
(87, '59122 (STK01)', '', 0, '', '0000-00-00'),
(89, '59168', '', 0, '', '0000-00-00'),
(90, 'Co-op Paper Rolls', '', 0, '', '0000-00-00'),
(91, '59155', '', 0, '', '0000-00-00'),
(93, '59190', '', 0, '', '0000-00-00'),
(95, '59178', '', 0, '', '0000-00-00'),
(96, '59182 (SC57)', '', 0, '', '0000-00-00'),
(97, '59184', '', 0, '', '0000-00-00'),
(100, '56892', '', 0, '', '0000-00-00'),
(101, '59794', '', 0, '', '0000-00-00'),
(102, '59192 (59787)', '', 0, '', '0000-00-00'),
(103, '59131', '', 0, '', '0000-00-00'),
(105, '59783', '', 0, '', '07-02-2015'),
(107, '59122', '', 0, '', '0000-00-00'),
(110, '59789', '', 0, '', '0000-00-00'),
(111, '59792', '', 0, '', '0000-00-00'),
(112, '59189', '', 0, '', '0000-00-00'),
(114, 'FOLD BOX 1 WHITE', '', 0, '', '0000-00-00'),
(115, '59799', '', 0, '', '0000-00-00'),
(116, '59801', '', 0, '', '0000-00-00'),
(117, '59800', '', 0, '', '0000-00-00'),
(118, '59183', '', 0, '', '0000-00-00'),
(121, '593819', '', 0, '', '0000-00-00'),
(122, 'STOCKC', '', 0, '', '0000-00-00'),
(123, 'CPI 12', '', 0, '', '0000-00-00'),
(124, 'STK07', '', 0, 'MORE IN MAIN AISLE', '0000-00-00'),
(125, 'CPI25', '', 0, '', '0000-00-00'),
(126, '97671', '', 0, '', '0000-00-00'),
(127, 'BERKBOX2', '', 0, 'MORE IN MAIN AISLE', '0000-00-00'),
(128, '16202', '', 0, '', '0000-00-00'),
(129, 'Philking', '', 0, '', '0000-00-00'),
(131, 'STK84', '', 0, 'MORE IN MAIN AISLE', '0000-00-00'),
(132, '74190', '', 0, '', '0000-00-00'),
(133, 'CPI4', '', 0, '', '0000-00-00'),
(135, 'Air Cushions', '', 0, '', '0000-00-00'),
(136, 'NOMA FOAM', '', 0, '', '0000-00-00'),
(139, '59188', '', 0, '', '0000-00-00'),
(140, 'CPI12', '', 0, '', '0000-00-00'),
(141, 'BP3', '', 0, '', '0000-00-00'),
(142, '58966', '', 0, '', '0000-00-00'),
(144, '80631', '', 0, '', '0000-00-00'),
(145, '6 inch layflat 250g', '', 0, '', '0000-00-00'),
(146, 'EM8', '', 0, 'NEED COLLECTING', '0000-00-00'),
(148, 'Records', '', 0, '', '0000-00-00'),
(149, 'Tubes', '', 0, '', '0000-00-00'),
(150, 'EMG4 White', '', 0, '', '0000-00-00'),
(153, 'EMJ6 White', '', 0, '', '0000-00-00'),
(154, '50x66 pp Buff Tape', '', 0, '', '0000-00-00'),
(155, 'EXP1840 Expandable Corners MED', '', 0, '', '0000-00-00'),
(156, 'EMJ6 White', '', 0, '', '0000-00-00'),
(157, '50x66 PVC Clear', '', 0, '', '0000-00-00'),
(160, '300 x 600 l/weight Bubble bags', '', 0, '', '0000-00-00'),
(161, '300 x 600 l/weight Bubble bags', '', 0, '', '0000-00-00'),
(162, '59138', '', 0, '', '0000-00-00'),
(163, 'NOMA FOAM', '', 0, '', '0000-00-00'),
(164, '50x66 PVC brown', '', 0, '', '0000-00-00'),
(165, 'PVC 75X66 CLEAR TAPE', '', 0, '', '0000-00-00'),
(166, 'EM9', '', 0, '', '0000-00-00'),
(167, '50x66 L/N PVC Brown', '', 0, '', '0000-00-00'),
(168, 'PVC 50X66 BUFF TAPE', '', 0, '', '0000-00-00'),
(169, 'EM8', '', 0, 'NEED COLLECTING', '0000-00-00'),
(170, '75mmx66 Buff & Clear PVC', '', 0, '', '0000-00-00'),
(171, 'PF16W-61', '', 0, '', '0000-00-00'),
(173, 'APEX3', '', 0, '', '0000-00-00'),
(174, 'SM207063', '', 0, '7mmx5000m 200x190 core - Blue', '0000-00-00'),
(175, '18mmx66 Clear PP tape', '', 0, '', '0000-00-00'),
(176, 'Fragile + Handle With Care Tape ', '', 0, '', '0000-00-00'),
(177, 'SM207063', '', 0, '7mmx5000m 200x190 core - White', '0000-00-00'),
(178, '50x66 pp Clear L/noise Tape', '', 0, '', '0000-00-00'),
(179, '25MM PVC & PP BUFF TAPE', '', 0, '', '0000-00-00'),
(180, 'SM207063', '', 0, '', '0000-00-00'),
(181, '75x66mm Masking Tape', '', 0, '', '0000-00-00'),
(182, '24x50 Clear Polyprop', '', 0, '', '0000-00-00'),
(183, '406 11mm 2000m .99 B lack', '', 0, '', '0000-00-00'),
(184, '400x300x14mu STRETCHWRAP', '', 0, 'CALIDUS', '0000-00-00'),
(187, 'mail light plus 6', '', 0, '', '0000-00-00'),
(188, 'TUBESPB', '', 0, '', '0000-00-00'),
(189, 'TC200/124', '', 0, 'NAPIER', '0000-00-00'),
(190, 'TC200/125', '', 0, 'NAPIER', '0000-00-00'),
(191, 'EMBOSSED PAPER (KEEP)', '', 0, 'AVIAGEN', '0000-00-00'),
(192, 'TC200/581', '', 0, 'NAPIER', '0000-00-00'),
(194, 'QED 2-3', '', 0, '', '0000-00-00'),
(195, 'Teck 2', '', 0, '', '0000-00-00'),
(196, 'ASBB6', '', 0, '', '0000-00-00'),
(197, '4M1MF400', '', 0, '', '0000-00-00'),
(198, 'SUPERCHARGER', '', 0, 'ITP', '0000-00-00'),
(199, '19MM BLACK PROTECTION TAPE', '', 0, 'AMCOR', '0000-00-00'),
(200, 'Teck500', '', 0, '', '0000-00-00'),
(202, 'SSTube2', '', 0, '', '0000-00-00'),
(203, 'TRA 07', '', 0, 'CURSOR', '0000-00-00'),
(204, 'TRA33', '', 0, 'cursor', '0000-00-00'),
(205, 'TRA29', '', 0, 'CURSOR', '0000-00-00'),
(206, 'TRA24', '', 0, 'cursor', '0000-00-00'),
(207, '70010568(BASE)', '', 0, '', '0000-00-00'),
(208, 'TRA 25', '', 0, '', '0000-00-00'),
(209, 'D/W Boxes Unknown', '', 0, '', '0000-00-00'),
(210, 'TRA31 REVISED', '', 0, 'CURSOR CONTROLS', '0000-00-00'),
(212, 'TRA 31 Revised', '', 0, '', '0000-00-00'),
(213, 'TRA 31 Revised', '', 0, '', '0000-00-00'),
(214, 'TRA31NC', '', 0, '', '0000-00-00'),
(215, 'VCI 900', '', 0, '', '0000-00-00'),
(216, 'CPI16A', '', 0, 'MORE IN MAIN AISLE', '0000-00-00'),
(217, 'BP2', '', 0, '', '0000-00-00'),
(218, 'STK 05', '', 0, '', '0000-00-00'),
(219, 'PR12/180', '', 0, '', '0000-00-00'),
(220, '400X300 20MU Stretch Wrap', '', 0, '', '0000-00-00'),
(222, '400x300x17mic Stretchwrap', '', 0, '', '0000-00-00'),
(223, 'PR12/130', '', 0, '', '0000-00-00'),
(224, '500x300 20 mu Stretch Wrap', '', 0, '', '0000-00-00'),
(225, '100x150 15mu hand wrap', '', 0, '', '12/07/2014'),
(226, '3 seater Furniture Cover', '', 0, '', '0000-00-00'),
(227, 'TRA24', '', 0, 'CURSOR', '0000-00-00'),
(228, 'MLB3', '', 0, '', '0000-00-00'),
(229, 'MLB3', '', 0, '', '0000-00-00'),
(230, 'ASBB1', '', 0, '', '0000-00-00'),
(231, 'ASBB2', 'test add', 123, '', ''),
(232, 'ASBB3', '', 0, '', ''),
(233, 'ASBB4', '', 0, '', ''),
(235, 'ASBB5', '', 0, '', ''),
(236, 'ASBB7', '', 0, '', ''),
(237, 'BB5', '', 0, '', ''),
(239, 'BP6', '', 0, '', ''),
(240, 'BB3', '', 0, '', ''),
(241, 'ASBB8', '', 0, '', NULL),
(242, 'TRA20', '', 0, 'cursor', NULL),
(244, 'Hanging Rails', '', 0, '', NULL),
(245, 'BLACK STRAP 1000M', '', 0, '', NULL),
(246, 'SH355', '', 0, '', NULL),
(247, '372.605.585', '', 0, '', NULL),
(248, 'WPNOW NEWS OFFCUTS (PACKING PAPER)', '', 0, '', NULL),
(249, 'LAYFLAT', '', 0, 'MORE IN LEETEX', NULL),
(252, 'CPI26', '', 0, '', NULL),
(254, 'ASBB9', '', 0, '', NULL),
(255, 'PR12/130', '', 0, '', NULL),
(256, '15mmX1200m TT60 Hand Strap', '', 0, '', NULL),
(257, '420x420x260', '', 0, 'TO SORT', NULL),
(258, 'VARIOUS SEALS', '', 0, 'TO SORT', NULL),
(260, 'Teck 1', '', 0, '', NULL),
(261, 'BLACK STRETCHWRAP', '', 0, '', NULL),
(262, 'TRA33', '', 0, 'CURSOR', NULL),
(263, 'PALLET HOOD', '', 0, 'CATHODIC ONLY', NULL),
(264, 'Teck 1', '', 0, '', NULL),
(266, 'MPDB', '', 0, '', NULL),
(267, 'CPI21', '', 0, 'MORE IN MAIN AISLE', NULL),
(268, 'CPI25', '', 0, '', NULL),
(272, 'J85/21-R-SPOOL 1', '', 0, 'ITP', NULL),
(275, 'TRA 20', '', 0, 'CURSOR', NULL),
(276, 'CRC1', '', 0, '', NULL),
(277, 'A5-Plain-Docs-wallets', 'test de', 210, 'antalis', NULL),
(278, '60x60x1100 Edge Guards', '', 0, '', NULL),
(280, 'T6090123', '', 0, '', NULL),
(282, '12689', '', 0, '', NULL),
(283, '553525', '', 0, '', NULL),
(284, '390x390x390', '', 0, '', NULL),
(285, '450x405x140', '', 0, '', NULL),
(286, '86094', '', 0, '', NULL),
(287, '12700 (44033)', '', 0, '', NULL),
(288, '570x300x300', '', 0, '', NULL),
(289, '560x560x450', '', 0, '', NULL),
(290, 'STK 05', '', 0, '', NULL),
(291, 'MPSB', '', 0, '', NULL),
(292, 'CPI08', '', 0, '', NULL),
(293, '12689', '', 0, '', NULL),
(294, '86090', '', 0, '', NULL),
(295, '59184', '', 0, '', NULL),
(296, 'CISTB', '', 0, 'MORE IN MAIN AISLE', NULL),
(297, 'BASINB', '', 0, 'MORE IN MAIN AISLE', NULL),
(300, 'Antalis Pallet', '', 0, '', NULL),
(301, 'P36FTBOX', '', 0, '', NULL),
(303, '540x370x305', '', 0, '', NULL),
(304, 'STK08', '', 0, '', NULL),
(305, '560x370x320', '', 0, '', NULL),
(306, 'ZZ8', '', 0, 'MORE IN MAIN AISLE', NULL),
(308, '59785', '', 0, '', NULL),
(310, 'Remote2', '', 0, '', NULL),
(311, '320x866 Straw paper', '', 0, '', NULL),
(313, 'Book Box (BP1)', '', 0, '', NULL),
(316, '1200x200 Pure Kraft/600 PURE KRAFT', '', 0, '', NULL),
(317, 'Misc', '', 0, '', NULL),
(318, 'Misc Strapping', '', 0, '', NULL),
(319, 'Wickes-TS-121430', '', 0, '', NULL),
(320, '481*481 Embosse Straw Paper', '', 0, '', NULL),
(321, 'GIZ BAGS', '', 0, 'GIZMO DEALS', NULL),
(322, '500x200 34 mu Stretch Wrap', '', 0, '', NULL),
(323, 'ASB1', '', 0, '', NULL),
(324, 'Napier Tape', '', 0, '', NULL),
(325, 'ASBB6', '', 0, '', NULL),
(326, 'ASBB9', '', 0, '', NULL),
(327, 'E-Flute black Sheet Board', '', 0, '', NULL),
(328, '305x425 Bubble Bags', '', 0, '', NULL),
(329, 'Assorted Bubble Bags', '', 0, '', NULL),
(330, 'MLB0S', '', 0, '', NULL),
(331, 'MLB2', '', 0, '', NULL),
(332, 'Teck500', '', 0, '', NULL),
(334, 'BB7', '', 0, '', NULL),
(335, 'TP-Tape', '', 0, 'Travis Perkins Tape', NULL),
(336, '150x210 Bubble Bags', '', 0, '', NULL),
(338, 'APEX1STDMED', '', 0, 'WICKES', NULL),
(339, 'PR15/240', '', 0, '', NULL),
(340, 'WG99 30mm x150m White Textile', '', 0, '', NULL),
(341, 'TRA18', '', 0, 'CURSOR', NULL),
(342, 'ASBB9', '', 0, '', NULL),
(343, 'PR12/235', '', 0, '', NULL),
(344, 'TC200/348', '', 0, 'NAPIER', NULL),
(346, '150x210 Bubble Bags', '', 0, '', NULL),
(347, 'SM207063', '', 0, '7mmx5000m 200x190 core - White', NULL),
(348, 'TC200/591', '', 0, '', NULL),
(349, 'BERKBOX 2', '', 0, 'MORE IN MAIN AISLE', NULL),
(350, 'SM207063', '', 0, '7mmx5000m 200x190 core - White', NULL),
(351, 'BLISK-2/3-4/5 ', '', 0, 'ITP', NULL),
(352, 'PP 5120 Clear 48mmx990m', '', 0, '', NULL),
(354, 'SPDOSB', '', 0, '', NULL),
(355, 'SPWOSP', '', 0, '', NULL),
(356, 'J85/21-F-SPOOL-1-BOX', '', 0, 'ITP', NULL),
(358, 'wickes x large box', '', 0, 'WICKES', NULL),
(359, 'MyPetC', '', 0, '', NULL),
(360, 'CPR900', '', 0, '', NULL),
(361, 'Waredrobe Bars', '', 0, '', NULL),
(362, '400x300x14 Stretchwrap', '', 0, 'CALIDUS', NULL),
(363, '600 corrugated paper roll', '', 0, '', NULL),
(365, 'BP7', '', 0, '', NULL),
(366, 'BP7', '', 0, '', NULL),
(367, '12MM  HEAVY DUTY SEALS', '', 0, 'WICKES', NULL),
(369, 'PLPR 260 PTD HAND STRAP', '', 0, 'WICKES', NULL),
(370, 'MISC', '', 0, 'TO SORT', NULL),
(371, 'EXP1840 Expandable Corners MED', '', 0, '', NULL),
(372, 'CPI 08', '', 0, '', NULL),
(373, 'Embossed Paper 238x241', '', 0, '', NULL),
(374, 'Grit salt', '', 0, '', NULL),
(375, 'MISC', '', 0, 'TO SORT', NULL),
(376, 'ITP IMPELLER SHROUD BOX', '', 0, 'ITP', NULL),
(377, 'King Size Matress Cover', '', 0, '', NULL),
(378, 'Embossed Paper 255x380', '', 0, '', NULL),
(379, 'delphi box', '', 0, 'CF PARKINSON', NULL),
(380, 'Jiffy Pad Bag 5', '', 0, '', NULL),
(381, 'ITP IMPELLER SHROUD BOX', '', 0, 'ITP', NULL),
(382, 'PARKINSON BOX 2', '', 0, 'CF PARKINSON', NULL),
(383, 'PTD EM6', '', 0, 'WICKES', NULL),
(384, 'PLPR 260 PTD HAND STRAP', '', 0, 'WICKES', NULL),
(385, 'MIXED JIFFY/MAIL LITE PADDED BAG', '', 0, '', NULL),
(387, 'Embossed Paper 481x481 KEEP', '', 0, 'KEEP', NULL),
(388, 'PR180 12MM BLACK STRAP', '', 0, '', NULL),
(389, 'PGPU1 STRAP GREEN 16MM', '', 0, '', NULL),
(390, 'PTD EM4', '', 0, 'WICKES', NULL),
(391, 'CPI 08 ', '', 0, '2 PALLETS', NULL),
(392, 'Teck500', '', 0, '', NULL),
(393, 'TC200/348', '', 0, 'NAPIER', NULL),
(394, 'PALLET BLOCKS', '', 0, 'ITP', NULL),
(395, 'QERB 1', '', 0, '', NULL),
(396, 'ZW34 FPP', '', 0, 'MORE IN MAIN AISLE', NULL),
(397, 'PTD EM4', '', 0, 'WICKES', NULL),
(401, '500x200x34 Stretchwrap', '', 0, '', NULL),
(402, 'travis perkins pallet hood', '', 0, 'TRAVIS PERKINS', NULL),
(403, '59105-SC11', '', 0, '', NULL),
(406, 'TOPSHEET915/1830 250/ROLL', '', 0, '', NULL),
(407, 'Teck 1', '', 0, '', NULL),
(408, 'assorted labels', '', 0, 'WICKES', NULL),
(409, 'wickes smallbox', '', 0, 'WICKES', NULL),
(410, 'DENTURAMICS (DENTBOX)', '', 0, 'SEAN TO ADVISE', NULL),
(411, '28inch 500g Layflat', '', 0, 'WICKES', NULL),
(412, 'STG6 FOAMED', '', 0, 'ITP', NULL),
(413, 'TC200/584', '', 0, 'NAPIER', NULL),
(416, 'Wickes Box DPD Narrow', '', 0, '', NULL),
(417, 'AMARA BOX 1 BROWN', '', 0, '', NULL),
(418, 'SHOWER BOX LONG', '', 0, 'WICKES', NULL),
(419, 'Wickes Shower Box Short', '', 0, 'WICKES', NULL),
(420, 'TRA 07', '', 0, 'CURSOR', NULL),
(422, 'L Fraser Bag 200g Red', '', 0, 'CALIDUS', NULL),
(426, 'CPI20', '', 0, 'MORE IN MAIN AISLE', NULL),
(428, '5l paint tin box', '', 0, 'WICKES', NULL),
(429, 'wickes medium box', '', 0, 'WICKES', NULL),
(430, '50mm economy tape dispenser', '', 0, '', NULL),
(432, 'mail lite padded assorted', '', 0, '', NULL),
(435, '28" LAYFLAT', '', 0, 'WICKES', NULL),
(436, 'WOOL PAD (NESTS)', '', 0, 'AVIAGEN', NULL),
(437, 'BERKBOX 1', '', 0, 'MORE IN MAIN AISLE', NULL),
(438, 'TEWE 9055 & WG60', '', 0, '', NULL),
(441, 'WEIGH CD', '', 900, 'DO NOT ORDER AGAIN!', NULL),
(442, 'TRA 20', '', 0, 'CURSOR', NULL),
(443, 'TC200/661', '', 0, 'NAPIER', NULL),
(444, 'VARIOUS STRAPPING SEALS ', '', 0, '', NULL),
(445, 'PEDB', '', 0, 'MORE IN MAIN AISLE', NULL),
(446, 'SM207063', '', 0, '7mmx5000m 200x190 core - Blue', NULL),
(448, 'SM201060 WHITE MACHINE STRAP', '', 0, '', NULL),
(449, 'TC200/661', '', 0, 'NAPIER', NULL),
(451, 'UNKNOWN', '', 0, '', NULL),
(452, 'TC200/591', '', 0, 'NAPIER', NULL),
(456, 'LFRASERWTEL', '', 0, 'CALIDUS', NULL),
(457, 'cpi23', '', 0, 'MORE IN MAIN AISLE', NULL),
(458, 'STK02', '', 0, 'MORE IN MAIN AISLE', NULL),
(459, 'STK 05', '', 0, '', NULL),
(460, 'MISC Sheet Board', '', 0, '', NULL),
(461, 'STK05', '', 0, '', NULL),
(462, 'TECK 1', '', 0, '', NULL),
(463, 'PR12/235', '', 0, '', NULL),
(464, 'TRA 20', '', 0, 'CURSOR', NULL),
(466, '19mm steel strapping.', '', 0, 'OCSILLATED + RIBBON', NULL),
(467, 'GP Masking 25mm', '', 0, '', NULL),
(468, 'L FRASER WTES', '', 0, 'CALIDUS', NULL),
(469, '945mmx50mm 3mm Tubes ', '', 0, 'CALIDUS', NULL),
(471, 'Wickes Multi Box', '', 0, 'WICKES', NULL),
(472, '86092', '', 0, '', NULL),
(473, '86095', '', 0, '', NULL),
(474, '86096', '', 0, '', NULL),
(475, '500x200 34mu STRETCHWRAP', '', 0, '', NULL),
(476, '123 Disc Small Old', '', 0, 'POSTPACK ONLY', NULL),
(479, 'Wrapping paper (BOX KITS ONLY!!)', '', 0, '', NULL),
(481, 'SEMPB', '', 0, '', NULL),
(482, 'MISC', '', 0, 'TO SORT', NULL),
(483, 'PR624 Hand Strap', '', 0, '', NULL),
(484, '86031', '', 0, '', NULL),
(485, '86094', '', 0, '', NULL),
(486, 'IMPELLER SHAFT NEW', '', 0, 'ITP', NULL),
(487, '12MM HEAVY DUTY SEALS', '', 0, 'WICKES', NULL),
(488, 'LPC BOX', '', 0, '', NULL),
(489, 'Wickes mini', '', 0, 'WICKES', NULL),
(490, 'REMOVAL BLANKETS', '', 0, '', NULL),
(491, 'F414', '', 0, 'ITP', NULL),
(492, 'MISC', '', 0, 'TO SORT', NULL),
(493, 'CPI 08', '', 0, '', NULL),
(495, 'Pallet Stretch Netting', '', 0, 'Colston Bassett Dairy', NULL),
(496, 'BERKBOX 2', '', 0, 'MORE IN MAIN AISLE', NULL),
(497, 'WICKES-TS 121030', '', 0, 'WICKES', NULL),
(498, 'Waredrobe Bars', '', 0, '', NULL),
(500, 'wickes large box', '', 0, 'WICKES', NULL),
(502, 'POLYSTYRENE BEADS', '', 0, '', NULL),
(503, 'WICKES HUB EDGE GUARD 1000x50x50', '', 0, 'MORE IN INTERLINK', NULL),
(504, '5l plastic paint box', '', 0, 'WICKES', NULL),
(505, '2.5l paint tin box', '', 0, 'WICKES', NULL),
(506, 'WOOL PAD (NESTS)', '', 0, 'AVIAGEN', NULL),
(507, '75x66 pp Buff Tape', '', 0, '', NULL),
(508, 'wickes 75x66 tape', '', 0, 'WICKES', NULL),
(509, '18X24 250G POLY BAG', '', 0, '', NULL),
(515, 'WOOL PAD (NESTS)', '', 0, 'AVIAGEN', NULL),
(517, 'mail lite padded assorted', '', 0, '', NULL),
(518, 'WICKES PTD 75MM TAPE', '', 0, 'WICKES', NULL),
(519, 'MORI2B', '', 0, '', NULL),
(520, 'MORI2B', '', 0, '', NULL),
(521, 'TC200/661', '', 0, 'NAPIER', NULL),
(522, 'Blisk-2/3-4/5 Box', '', 0, 'ITP', NULL),
(523, '70010568(LID)', '', 0, 'ITP', NULL),
(524, 'SuperCharger Outer Plain', '', 0, 'ITP', NULL),
(525, 'CPI 08', '', 0, '', NULL),
(528, 'TC200/581', '', 0, 'NAPIER', NULL),
(529, 'LPC BOX', '', 0, '', NULL),
(530, '13MM Steel Ribbon Wound Strap', '', 0, '', NULL),
(531, 'MIXED PAD BAGS /ML OYSTER', '', 0, '', NULL),
(532, 'PTD STRETCHWRAP 34MU', '', 0, 'WICKES', NULL),
(533, 'STK 05', '', 0, '', NULL),
(534, 'BERKBOX 1', '', 0, 'MORE IN MAIN AISLE', NULL),
(535, 'BERKBOX 1', '', 0, 'MORE IN MAIN AISLE', NULL),
(536, 'BERKBOX 1', '', 0, 'MORE IN MAIN AISLE', NULL),
(537, 'WICKES PTD MACHINE STRAP', '', 0, 'WICKES', NULL),
(538, '15X25 POLY BAGS', '', 0, 'WICKES', NULL),
(539, 'POLY BAGS', '', 0, 'WICKES', NULL),
(540, '28" LAYFLAT TUBING', '', 0, 'WICKES', NULL),
(541, 'WICKES PTD STRETCHWRAP', '', 0, 'WICKES', NULL),
(542, 'VARIOUS JIFFY PADDED BAGS', '', 0, 'NAPIER', NULL),
(543, 'WICKES POLY BAG', '', 0, 'WICKES', NULL),
(544, 'EMBOSSED PAPER', '', 0, '', NULL),
(545, 'WATER BUTT BAGS', '', 0, 'WICKES', NULL),
(546, 'COURIER FILM', '', 0, 'WICKES', NULL),
(547, '18X24 250G POLY BAG', '', 0, '', NULL),
(548, 'MISC', '', 0, 'TO SORT', NULL),
(549, 'MISC', '', 0, 'TO SORT', NULL),
(550, 'TOPSHEET', '', 0, 'TRAVIS PERKINS', NULL),
(551, '75MM FRAGILE TAPE', '', 0, 'CURSOR', NULL),
(552, 'TOPSHEET', '', 0, 'TRAVIS PERKINS', NULL),
(553, '900 CORRUGATED PAPER ROLL', '', 0, '', NULL),
(554, 'BP7', '', 0, '', NULL),
(555, 'J85/21 FORWARD SPOOL', '', 0, 'ITP', NULL),
(556, 'PPOUTSTAN', '', 0, 'Packing Outers', NULL),
(557, 'PPOUTLGE', '', 0, 'Packing Outers', NULL),
(558, 'MISC', '', 0, 'TO SORT', NULL),
(559, 'MISC', '', 0, 'TO SORT', NULL),
(560, 'WICKES TS-122430', '', 0, 'WICKES', NULL),
(561, 'D/W SHEET PAD', '', 0, 'CALIDUS', NULL),
(562, 'TRA 20', '', 0, 'CURSOR', NULL),
(563, 'F414', '', 0, 'ITP', NULL),
(564, 'MISC', '', 0, 'TO SORT', NULL),
(565, 'MISC', '', 0, 'TO SORT', NULL),
(566, 'WARNER BOX 1', '', 0, 'WARNER', NULL),
(567, 'MISC', '', 0, 'TO SORT', NULL),
(568, 'MISC', '', 0, 'TO SORT', NULL),
(569, 'CRC 1', '', 0, '', NULL),
(570, 'MISC SEALS', '', 0, 'TO SORT', NULL),
(571, 'MISC', '', 0, 'TO SORT', NULL),
(573, 'robins', 'hi, my n', 203, 'test notes', NULL),
(576, 'FD3SLEEVE', '', 0, '', NULL),
(577, 'MAIL TUBE LARGE', '', 0, '', NULL),
(578, 'RETURNS', 'POSTPACK RETURNS', 0, '', NULL),
(580, NULL, NULL, NULL, NULL, NULL),
(582, 'product', 'Customer Specific', 0, 'new stock', NULL);

/*!40101 SET CHARACTER_SET_CLIENT=@OLD_CHARACTER_SET_CLIENT */;
/*!40101 SET CHARACTER_SET_RESULTS=@OLD_CHARACTER_SET_RESULTS */;
/*!40101 SET COLLATION_CONNECTION=@OLD_COLLATION_CONNECTION */;
